SAMPLE,Ag,As,Au,Ba,Be,Bi,Br,Ca,Cd,Ce,Co,Cr,Cs,Cu,Dy,Er,Eu,Fe,Ga,Gd,Ge,Hf,Hg,Ho,I,In,La,Li,Lu,Mg,Mn,Mo,Nb,Nd,Ni,Pb,Pd,Pr,Pt,Rb,Re,Sb,Sc,Se,Sm,Sn,Sr,Ta,Tb,Te,Th,Ti,Tl,Tm,U,V,W,Y,Yb,Zn,Zr,Final pH
DESCRIPTION,ppb,ppb,ppb,ppb,ppb,ppb,ppm,ppm,ppb,ppb,ppb,ppb,ppb,ppb,ppb,ppb,ppb,ppm,ppb,ppb,ppb,ppb,ppb,ppb,ppm,ppb,ppb,ppb,ppb,ppm,ppm,ppb,ppb,ppb,ppb,ppb,ppb,ppb,ppb,ppb,ppb,ppb,ppb,ppb,ppb,ppb,ppb,ppb,ppb,ppb,ppb,ppb,ppb,ppb,ppb,ppb,ppb,ppb,ppb,ppb,ppb,Unity
S000 001,0.4,16.2,0.04,15700,21.5,1.9,0.48,294,7.7,43.2,1745,3,2.5,475,215,221,8.8,99,6.3,55.9,0.2,0.73,0.5,67.2,0.12,0.6,12.3,16.4,32.1,224,31.8,2.2,0.3,67.2,522,914,0,10.1,0,480,0,0.7,90,6,29,0,6710,0,18.5,0,34.9,50,0.64,36.6,45,32.6,0.1,1345,216,2410,19.1,6
S000 002,1,11.4,0.16,5260,67.6,1.1,0.97,50,5.2,1810,377,20,5.1,494,586,245,122,120.5,21.4,530,4.4,4.4,0.6,109,0.19,0.8,511,7.4,20.1,104,7.7,1.7,0.4,1585,456,1405,0,323,0,257,0.01,1.1,324,5,467,0.4,906,0,92.7,0,323,191,0.13,32.4,96.1,46.2,0.1,2840,167,510,117,6.4
S000 003,12.2,3.8,0.4,4690,9.4,0.4,0.34,76.1,5.2,86.6,131.5,3,18.5,5050,390,260,26.5,9.7,5,134.5,0.6,0.56,1.6,97.8,0.39,0.1,32.7,2.1,30,79.3,23.6,1.9,0.2,179.5,280,62.4,0.96,28.5,0,308,0.01,0.5,410,14,75.2,0,1480,0,39.8,0,44.8,91,5.5,37.3,38.9,13.2,0.2,2040,208,110,19.9,6.4
S000 004,0.4,5,0.08,8370,16.6,1.4,0.2,281,9.8,20.4,603,7,4.9,3000,121,113.5,5.3,73.4,9.7,26.8,0.3,0.92,1.5,36,0.14,1,7.9,8.2,12.8,123,41.1,2.5,0.5,28,1000,157,0,4.5,0,233,0,1.1,187,10,13.4,0.3,4540,0,9.7,0,21.5,99,1.92,17.1,21.6,33.5,0.2,522,96.6,950,33,6
S000 005,0.4,4,0,3910,7.5,0.7,0.89,422,10.8,112,165.5,6,2.4,922,130.5,67.3,19.5,42.5,5.8,96.6,0.1,0.41,0.5,28.6,0.13,0.2,42.6,2.1,4.8,104,32.1,2.9,0.2,152.5,401,291,0,25.5,0,169,0.01,0.5,49,10,60.7,0,4630,0,18.1,0,13.3,61,0.76,8.3,27.1,16.4,0.1,622,40.1,950,13.9,6.4
S000 006,0,3.3,0,10200,4.7,1.8,0.2,194,0.3,3.4,527,3,3.3,15,0.4,0.6,0.1,149,14.9,0.3,0.5,0.53,0.3,0.1,0.03,1,2.2,11.1,0.7,184.5,12.25,0,0.1,2.1,235,3.5,0,0.4,0,245,0,0.6,46,8,0.2,0,4110,0,0,0,4.28,35,0.41,0.2,4.02,25.6,0.1,2.9,2.6,20,11.9,6
S000 007,0.1,8.4,0.03,23200,3.9,1.8,0.2,51.5,0.6,4.2,524,4,19.8,30,0.7,1,0.1,115,11.4,0.7,0.3,1.58,0.7,0.2,0.04,1.8,2.6,6.1,0.8,92.1,19.9,0,0.1,2.2,118,6,0,0.5,0,1160,0,0.8,86,8,0.5,0,1550,0,0.1,0,9.71,31,1.27,0.3,4.12,22.2,0,2.7,3.7,20,30.9,6
S000 008,1.1,2.3,0.33,16200,7,0.8,0.36,3.4,3.8,33.1,368,6,24.9,1470,263,209,11.8,32.5,4.4,59.6,0.3,0.73,0.4,72.4,0.07,1.1,8.1,1.5,24.9,105,5.17,0.8,0,54,269,205,0,7.6,0,2530,0.01,0,506,11,27.5,0,193,0,22.7,0,14.4,26,4.4,31.2,19.75,8.9,0,1275,179.5,260,22.3,6
S000 009,0.2,48.5,0.11,16200,13,2.1,0.48,19.7,0.7,50.5,1870,49,20.1,102,10.4,12.2,1.6,173,27.3,6.1,2.2,4.68,0.3,3.1,0.12,1.3,22.4,54.3,4.9,145.5,12.35,5.5,7,20.9,218,46,0,10.6,0,1895,0,4.3,232,10,5.2,3.8,779,0.49,1.2,0,35.9,2920,1.59,2.8,21.4,324,2.4,60.8,23.7,90,143,6
S000 010,1.1,13.5,0.13,5260,21.3,2.3,0.67,7.2,2.2,19.7,671,17,6.1,173,12.6,13.9,0.8,133,9.1,4.3,0.9,3.15,0.6,3.8,0.23,0.9,9.1,11.2,2.6,93.3,1.11,1.9,0.8,11.6,247,572,0,2.4,0,543,0,0.6,73,15,3.5,0.6,322,0.06,1.2,0,74.1,232,0.34,2.5,34.4,39.3,0.3,65.3,17,310,80.8,6.4
S000 011,0.5,5.5,0.04,7330,35.6,2.1,0.44,78.5,7.7,255,774,2,4.4,611,466,265,35.9,70.2,10.3,208,1.5,1.24,0.6,105,0.14,0.8,57.1,6.1,25.1,130,24.3,1.6,0.1,337,706,1840,0,56.6,0,643,0.01,0,186,5,129,0.3,1990,0,55.4,0,182,39,0.41,37.2,62.6,14.7,0,2620,199,380,39,6.4
S000 012,0.4,11.5,0.17,6230,36.1,2.7,0.87,66.4,4.6,238,602,13,0.7,318,218,124,18.8,147,7.4,96.4,0.9,5.81,1.1,49.2,0.2,0.8,58.8,10.4,11.4,168,16.15,1,0.2,172,715,2000,0,33,0,157.5,0,0.6,172,14,63.8,0,1440,0,25.7,0,306,60,0.21,17.9,61.2,14.5,0,1105,94.8,800,143.5,6.7
S000 013,3,0,0.39,3180,9.7,0,0.37,112.5,4.9,121,192.5,11,0.7,4240,488,314,49.8,17.3,3.8,217,1.2,0,0.4,120.5,0.42,0.2,26.7,6.3,33.8,239,26.9,0,0,217,6160,42.6,0,29.3,0,249,0.02,0,495,2,104.5,0,2500,0,54.4,0,30.9,0,0.58,44.7,25.4,2.8,0,2780,244,780,3.4,6.7
S000 014,7.8,2.7,0.27,5100,10.5,0,0.2,86.3,11.2,33.5,134.5,5,5,5560,379,336,21.2,14.3,2.8,114,0.2,0.23,1.5,106.5,0.19,0.2,11.1,4.4,36.6,151.5,17.2,0.5,0.1,100.5,4620,56.4,0.29,13.7,0,623,0.03,0,318,3,51.3,0.2,1410,0,36.9,0,34.8,50,0.74,44.9,27.7,5.4,0,2070,264,770,8.7,6
S000 015,0.4,16,0.3,5870,13.9,1.1,0.4,237,21.5,36.4,322,4,5.9,3060,242,248,11.4,45.7,6.4,62.8,0.4,1.42,1.1,73.6,0.16,0.4,10.7,6.1,26.6,228,33.5,2.2,0.2,65.3,1830,148,0,9.5,0,617,0.02,1.2,179,13,30.5,0,4870,0,21.6,0,46,96,1.69,32.9,43,18.3,0.1,1305,189.5,4010,44.7,6
S000 016,2.1,12.1,0.33,5930,8.5,1,0.37,18.3,9.8,50,263,3,13,3690,284,227,14.3,23.8,4,79.5,0.4,2.59,1.9,74.3,0.22,0.6,12.4,1.5,22.4,66,17.2,1.6,0.1,77.1,256,437,0.06,11.2,0,872,0.01,1,351,15,38.2,0,553,0,28,0,28,58,3.46,29.3,40.9,7.9,0.1,1345,165.5,400,61.4,6
S000 017,7.3,2,1.21,20600,25.4,0.6,0.76,29.1,6.1,180,936,3,7.8,4130,1270,880,76.7,23.6,7.4,399,1.4,1.36,4,316,0.49,0.4,72.6,3,81.8,113.5,30.4,0.6,0.1,486,344,295,0.58,74.2,0,718,0.03,0.6,637,0,213,0,1480,0,125,0,102.5,33,4.44,110,107,7.2,0.1,5340,612,470,44.4,6
S000 018,1.4,8.8,0.11,15500,12.5,1.5,0.4,208,11.2,26.4,505,5,6.2,2910,108.5,98.9,5.1,54,11.6,27.4,0.4,1.17,2.1,30.9,0.15,0.9,7.9,5.7,8.6,122.5,52.2,1.8,0.3,31.9,446,271,0,5.2,0,399,0,0,152,6,15.4,0.2,5560,0,9.6,0,33.7,138,2.67,12.7,16.8,26.8,0.2,485,68,950,37.6,6
S000 019,1.7,21.4,0.12,2860,15.6,1.6,0.52,37.2,5.9,31.4,1660,34,3.2,919,49.5,32.6,3.1,108.5,21.3,15.3,0.9,2.2,0.9,11.6,0.18,1.5,11.5,14.1,2.5,59.1,26.8,6.7,1.3,24.4,274,846,0.09,4.6,0,119.5,0,1.8,115,16,9.2,0.8,912,0.07,5.3,0,33.7,595,1.5,3.8,25.3,80.2,0.8,186.5,20.5,610,67.7,6
S000 020,1.8,15.7,0,2880,15.3,2.3,0.34,69.9,6.3,27.9,1120,31,1.8,760,47.8,32.3,3,137.5,24.5,16.4,0.9,1.92,0.6,11.6,0.11,0.8,11.1,9.5,2.4,54.8,24.6,3.6,1.5,21.5,393,937,0,4.2,0,110,0,1.6,75,6,8.3,0.7,1350,0.09,5.2,0,25.7,537,0.47,3.8,29.2,64.7,0.7,194.5,19.5,730,54.3,6
S000 021,0.4,2,0,10800,12.5,2.1,0.13,444,9.3,9.7,1080,3,2.5,1350,78.5,99.5,2.5,99.6,10.8,15,0.3,0.61,1.1,26.7,0.07,1.1,2.5,13.9,10.2,187,31.1,1,0.2,13.3,800,152.5,0,1.9,0,213,0,0,161,8,6.1,0,9050,0,6.1,0,9.23,63,1.38,13.8,14.95,18,0.2,330,78.4,660,19,6
S000 022,0,5.5,0,6830,5.6,3.4,0.3,545,1.8,4,319,3,6.2,229,9.2,21.9,0.3,109.5,7.9,1.6,0.4,0.58,0.4,4.1,0.06,0.9,2.1,4.3,4.9,270,11.4,1.3,0.1,2.6,287,59.3,0,0.5,0,329,0,0,74,9,0.8,0,7810,0,0.6,0,8.24,24,0.51,4.3,11.25,39.1,1.2,42.1,33.3,690,15.1,6
S000 023,0,8.4,0.05,8560,2.8,2.2,0.26,181.5,1.1,6.4,1850,7,2.6,11,0.6,0.3,0.2,164.5,16,0.8,0.5,1.44,0.1,0.1,0.06,1,3.2,17.9,0.1,186.5,34.6,0,0.1,3.6,219,1.2,0,0.9,0,160,0,0.8,71,17,1.1,0,3760,0,0.1,0,4.56,19,0.49,0.1,4.65,31.8,0.1,2.3,0.4,60,39.5,6
S000 024,0.1,5.4,0.06,10400,7,1.2,0.32,40.7,0.6,11.8,534,6,18.8,19,1.5,1.1,0.4,100,8.8,1.4,0.4,1.06,0.4,0.3,0.05,0.6,4.8,11.5,0.6,70.2,8.05,0.7,0.2,6.7,145,1.3,0,1.5,0,1145,0,0.5,62,9,1.8,0,992,0,0.3,0,10.75,41,3.52,0.2,5.21,18.1,0.1,5.8,2.7,40,26.7,6
S000 025,0.4,1.3,0.05,44800,6.3,0.3,0.08,6.9,0.9,12.4,848,2,15.3,27,4.6,13.3,0.7,51.2,5.6,2.5,0.2,0.76,0.7,1.8,0.02,0.9,5.7,6.4,7.3,143,2.02,0,0,8.7,149,1,0,2,0,1395,0,0,169,5,2.5,0,348,0,0.5,0,5.57,15,1.53,3.9,5.59,22.5,0,27,40.5,60,19.3,6
S000 026,0,3.8,0,16700,7.2,1.2,0.08,20.5,0.7,3.4,927,2,7.3,9,1.2,1.4,0.1,95.3,7.4,0.6,0.2,0.92,0.3,0.3,0.08,0.7,1.7,3.6,0.9,86.4,5.96,0,0.1,2.5,147,10.6,0,0.4,0,791,0,0,55,8,0.5,0,762,0,0.1,0,10.4,15,0.72,0.3,4.49,52.4,0,4.8,4.1,40,18.5,6
S000 027,0.6,11,0.06,5040,19.3,2.1,0.35,86.1,3,22,568,8,2.8,191,46.5,37.8,3.1,116,8.7,19.4,0.6,1.21,1,12,0.13,0.5,8.3,7.9,3.8,85.9,10.5,1.9,0.4,24.9,337,990,0,4.5,0,461,0,0,54,9,10.8,0.3,2570,0,5.3,0,57.3,143,0.42,5.2,22.3,32.7,0.2,224,29.8,690,31,6
S000 028,2.1,26.4,0.4,3490,50.8,1.7,1.01,53.6,2,1555,660,64,6.8,572,235,105.5,55.3,156.5,24.4,251,3.2,8.7,1.7,43.3,0.38,1,513,15.5,7.8,64.1,9.49,5.5,2,890,334,1430,0,209,0,485,0,2.1,216,17,239,1.7,518,0.14,41.1,0,320,934,0.39,12.4,78.5,111.5,0.8,995,62.1,810,218,6.4
S000 029,1.8,4.7,0.1,2220,17.1,0,0.63,191.5,3.5,814,843,30,0.1,1080,235,133.5,53.3,47.8,6.8,210,1.5,1.94,1.5,48.9,0.21,0.4,169,2.4,12.2,252,21.4,2.1,0.1,524,1360,339,0,101.5,0,58.3,0,0,255,10,172.5,0.3,2470,0,36.1,0,78.9,60,0.08,16.7,38,26,0,1045,93.4,340,50.5,6.7
S000 030,3.1,3.7,0.2,1980,3.4,0,0.65,289,3.4,478,274,11,0.6,3400,421,240,92.6,8.1,5.2,377,1.7,0.26,0.9,90.5,0.38,0.1,137,1.6,18.6,228,35,2.9,0,585,3220,109,0,93.3,0,172.5,0.02,0.5,165,13,241,0,2820,0,63.1,0,11.45,40,0.5,28.2,16.95,8.6,0,2070,149.5,410,7.3,6.4
S000 031,1,4.7,0.48,4260,18.4,0,0.52,83.8,15.3,27.7,1105,16,5.3,3930,273,332,11.7,37.4,5.4,60.9,0.8,0.67,1.1,89.7,0.34,0.4,5.9,8.9,41.4,298,38.6,1.8,0,44.6,3360,68.4,0,6.3,0,579,0.03,0.6,543,11,25.6,0,2250,0,22.1,0,32.3,38,1.41,48.5,41.8,44.1,0.2,1555,297,2080,22.7,6
S000 032,2.1,9.6,0.82,5900,10.9,1,0.36,9.2,12.3,35.5,549,2,15,3340,416,393,18,12.5,3.8,105.5,0.6,1.03,0.9,121,0.34,0.3,13.2,1.2,45.6,88.7,31.3,1.1,0.1,93.9,538,243,0.13,13.3,0,784,0.02,2.3,402,14,49.3,0,286,0,37.8,0,44.7,53,2.84,53,44.7,8,0,2150,313,250,24.6,6
S000 033,1.9,19.3,0.14,8590,30.4,0.6,0.55,43.9,4,528,669,20,3.3,449,118,69.1,20.7,58.6,13.6,100.5,1.4,6.48,2.2,25.6,0.34,0.5,106.5,8.2,6.1,33.8,41.8,4.9,0.9,272,537,411,0,54.3,0,259,0,1.7,147,18,79.5,0.6,1170,0.05,18,0,250,353,0.63,8.5,45.8,40.5,0.3,641,45.1,180,191,6.4
S000 034,2.4,5.6,0.09,27600,16,0.3,0.31,303,16.4,67.7,494,2,2.8,1360,204,167.5,15,12.5,4.1,88.3,0.5,0.43,1.2,56.4,0.19,0.1,19.6,1.3,12.1,95.5,44.7,8.1,0.1,95.4,2070,161.5,0,13.8,0,329,0,0,46,10,40.8,0,8300,0,21.8,0,17.5,26,1.24,19.3,23,4.2,0.1,1595,93.4,1740,13.2,6.4
S000 035,0.2,3.8,0.02,10800,7.3,3.7,0.21,133.5,0.7,4.1,1000,4,1.7,60,1.5,4.7,0.1,113.5,10.7,0.5,0.5,0.92,0.3,0.6,0.05,1.2,1.8,12.9,1.6,132,14.3,0.6,0.1,2,305,40.4,0,0.4,0,245,0,0,69,9,0.5,0,3110,0,0.1,0,14.15,22,0.8,1.1,4.01,10.1,0.1,7.2,10.6,50,19.1,6
S000 036,0.7,6.7,0.05,5600,17.8,1,0.4,59.8,3.6,47.6,319,12,7.3,1280,187,110.5,9.3,44.3,11.4,53,0.7,1.48,1.5,43.5,0.16,1.1,12,5.3,6.4,67.1,20.9,2.6,0.7,53.3,330,333,0,8.2,0,306,0,1,271,11,24.2,0.3,1590,0,19.1,0,42.4,216,1.47,12,35.6,28.5,0.3,734,57.4,160,44.2,6
S000 037,0.4,6.5,0,6580,10.8,2.2,0.32,467,13,14.3,370,7,2.2,1060,83.9,74.6,3.1,96.6,13.4,19.1,0.6,0.78,0.5,24.6,0.07,1,4.1,5.8,5.8,140,30.4,1.6,0.3,18.2,550,360,0,2.7,0,166,0,0.5,85,9,8.4,0.3,9200,0,7,0,13.05,79,0.78,9.1,25.7,17,0.2,370,49.1,2380,25,6
S000 038,0.4,2.9,0.06,3940,18.8,1.2,0.3,201,5.4,28.5,556,8,1.2,914,141,79.6,6.7,101.5,10.6,39.6,0.5,1.15,0.7,31.9,0.1,1.1,6.8,3.2,4.7,103,25.7,0.6,0,35,428,670,0,5.5,0,116.5,0,0.6,163,7,17.7,0,3390,0,14.6,0,29.9,7,0.49,8.4,43.4,7.6,0,507,40.5,1270,29.5,6
S000 039,0,35.7,0.15,3510,3.6,4.7,0.24,471,1.6,5,2580,5,3.8,25,0.6,0.7,0.1,139.5,10.7,0.4,0.2,0.86,0.7,0.2,0.07,1.3,2,19.4,0.6,232,63.5,1.2,0.3,2.2,360,5.8,0,0.5,0,146,0,0.9,84,9,0.5,0.2,8180,0,0.1,0,3.95,180,1.66,0.1,4.89,19.8,0.1,2.2,2,260,17.7,6
S000 040,0.1,9.2,0.04,10500,9.4,2,0.24,27.7,0.6,10.8,4450,4,6.6,21,1.4,1.6,0.3,147.5,10.2,1.2,0.5,1.08,0.6,0.3,0.07,1.1,5,23,1.1,85.2,15.65,0,0.2,6.1,380,6.4,0,1.4,0,647,0,0.7,78,9,1.3,0.2,944,0,0.2,0,10.2,66,0.62,0.4,4.4,10.2,0,5.7,5.4,60,27.9,6
S000 041,0.3,4.4,0.06,10900,11.5,0.8,0.33,9.2,5.4,23.3,3100,6,7,824,94.3,95.3,2.9,75.1,9.5,17.1,0.4,2.15,1.5,29.2,0.09,1.3,8.1,5.7,9.2,58.6,9.05,0.6,0.2,19.8,437,315,0,3.4,0,835,0,0,159,9,7.3,0.2,382,0,7.2,0,32.8,78,0.72,13,11.65,12.4,0.1,482,70.8,620,53.7,6
S000 042,0.1,4.4,0.02,5980,11.9,1.6,0.38,61.9,0.5,16.6,1465,6,5.2,10,2.1,2.1,0.4,126,9.4,2.2,0.4,2.93,0.5,0.5,0.12,1.3,8.2,15.9,0.7,82.5,16.45,0.5,0.2,9,98,4.9,0,2.2,0,514,0,0,80,11,2.1,0.2,1760,0,0.3,0,43.5,48,0.92,0.4,8.35,10.3,0.1,10.5,3.9,60,66.5,6
S000 043,0.6,8.9,0.15,4550,27.5,2.3,0.39,21.4,3,78.1,1420,9,7.7,258,159,108,9.5,71.2,10.7,57.1,0.6,3.22,0.8,37.7,0.16,1.1,23.3,5.4,8.5,76.8,22.8,1.5,0.7,78.4,249,1665,0,13.5,0,616,0,0.5,172,8,32.1,0.4,761,0,17.3,0,132.5,162,0.29,13.3,43.5,48.3,0.2,727,70.7,190,84.4,6
S000 044,1.5,10.4,0.14,3390,30.6,0.7,0.61,44.4,6.2,342,2420,22,3.1,594,224,119.5,37.4,105,15.5,172.5,1.7,3.84,1,46.2,0.19,0.8,89.3,10.6,8.2,52.2,18.7,3,1.5,337,505,578,0.05,61.4,0,238,0,1.1,213,13,124.5,0.6,881,0.1,33,0,120,802,0.36,14.2,34.2,83.9,0.3,989,72.1,1600,101.5,6.4
S000 045,0.5,6.4,0,2760,18.2,1.6,0.36,190,14.8,14.7,2380,6,0.3,211,37.8,35,2,102,7,10.2,0.4,1.65,1.4,10.7,0.1,0.3,4.1,3.9,3.9,147.5,38.7,1.3,0.2,11.2,518,1060,0,2,0,84.9,0,0,52,7,5.3,0,3180,0,3.8,0,61,66,0.26,4.8,14.75,9.6,0.2,194.5,28.2,1170,44,6
S000 046,0.6,9.4,0.03,1810,22.6,1.1,0.36,142.5,10.2,37.8,524,7,1.4,457,69.3,49.3,6,72.4,7,33.4,0.4,2.03,1.1,16.5,0.11,0.4,7.3,3.1,4.9,91.6,37.2,3.2,0.3,34,1160,512,0,5.2,0,224,0,0,77,6,17.7,0.3,2750,0,8.4,0,97.8,148,0.42,6.2,22,11.8,0.2,350,34.6,650,61.9,6.4
S000 047,1.1,0.9,0.16,3540,5.1,0,0.53,208,6.9,70.5,172.5,6,0.6,3430,559,448,53.7,12.1,2.6,242,1,0,0.3,146.5,0.23,0.1,27.4,8.9,46.6,488,17.75,0,0,204,3820,30.2,0,27,0,145,0.03,0,339,5,110.5,0,3270,0,60.3,0,8.54,0,0.23,58.7,14.6,2.4,0,3000,340,1330,2.5,6.4
S000 048,1.1,7.6,0.78,5560,15.9,0.7,0.31,13.9,12.8,18.2,923,2,9,4450,298,380,9.2,19.5,3.7,56,0.5,0.37,0.8,101,0.18,0.5,5.5,1.2,51.5,142,30.3,1,0,42.5,1370,174.5,0.23,5.8,0,412,0.05,1.4,402,8,23.6,0,510,0,23,0,23.5,23,1.26,56.5,36,10.2,0,1730,351,500,12.4,6
S000 049,1.6,27.5,0.16,4000,29,1,0.57,40.5,2.7,377,1020,24,4.4,147,74.8,42.2,15.4,67.6,14.6,67.9,1.3,7.33,2.5,15.4,0.35,0.5,76,10.3,4.4,30.9,36.4,3.7,1,192,290,825,0,39.3,0,253,0,1.9,124,18,56.5,0.6,721,0.09,11.3,0,324,450,0.69,5.4,54.1,36.3,0.4,350,32,110,214,6.4
S000 050,1.3,10.7,0.19,7130,22.7,0.9,0.41,122,13.9,63.2,1210,7,3.8,777,129,111.5,6.4,53.2,8.1,37.1,0.4,2.94,1.5,36.2,0.18,0.5,9.7,2.9,9.8,86.1,47.4,5.5,0.3,39.2,821,274,0,6.6,0,372,0,1.1,129,10,17.7,0.2,3190,0,12.2,0,87.2,103,1.29,13.9,53.7,12.8,0.2,759,74,1020,88.7,6
S000 051,1.6,5.5,0.07,10100,13,1.2,0.37,81.3,7.4,53.8,724,6,9.7,1350,162.5,114.5,8.3,52.6,8.2,47.3,0.4,2.8,2.5,40.8,0.16,0.8,13.5,2.8,8.9,111.5,26.2,1.5,0.3,57.3,371,767,0.06,9.3,0,1160,0,0.7,164,8,24.3,0.2,1990,0,16.5,0,83.3,93,3.71,14,36.4,11.8,0.2,795,72,210,69.2,6
S000 052,3.4,7.9,0.92,4330,23.6,0.4,0.68,110.5,11,186,146.5,5,3.3,7050,424,242,43.3,18.2,6,239,0.9,1.01,1.3,93.2,0.41,0.1,59.5,1.6,16.5,120,24.9,2.9,0.1,297,1280,226,0.18,46,0,390,0.01,1,176,18,124,0,2580,0,54.8,0,61.3,65,1.42,26.5,63.4,12.5,0.1,2060,131.5,1270,34.7,6
S000 053,1,13.5,0.03,2670,14.5,1.1,0.42,250,8.7,18.3,2540,11,4.2,538,49.3,49.1,2,110,15,11.9,0.6,1.33,1.9,14.6,0.12,0.4,6.3,6.7,4,136.5,74.5,3.2,0.8,14.3,254,181,0,2.6,0,372,0,0.8,63,13,5.7,0.3,4230,0,4.3,0,30,266,1.71,6.3,32.8,42.6,0.5,223,33,1690,38.9,6
S000 054,2.6,88.8,5.64,1620,18.1,1,0.43,19.2,4.1,104,938,30,10.6,2430,151.5,73.9,12,53.2,12.2,62.7,1,4.69,2.5,31.1,0.3,0.8,35.2,11.3,3.9,35,35,11.1,1.1,85.5,333,632,0.24,16.8,0,270,0.01,7.9,353,16,32.8,0.9,450,0.08,18.4,0,75.2,528,2.06,7.6,82.5,110,0.9,508,36.2,540,135.5,6
S000 055,0.1,7.4,0.06,6180,6.2,2.5,0.24,219,1.1,3.6,1995,3,1.6,835,4.3,13.6,0.2,126,13,1.1,0.4,0.48,0.3,2,0.04,1.3,1.6,11.8,4.7,192.5,18.35,0.6,0.2,3,470,41.8,0,0.6,0,99.8,0,1.3,135,8,0.9,0.2,5240,0,0.3,0,6.62,59,1.3,3.1,10.75,12.5,0.2,16.3,27.8,420,15.4,6
S000 056,0,26.7,0.2,8390,7.6,2.8,0.29,278,2.9,9.8,6710,6,6,210,18.4,29.5,0.7,148,14.4,3.9,0.6,1.17,1.1,6.7,0.05,1.2,4.1,14.6,4.8,140,76.6,1.1,0.2,7.1,492,219,0,1.3,0,448,0,0.9,103,9,2.7,0,6480,0,1.4,0,11.05,50,0.88,4.8,7.25,17.1,0.1,72.2,32.9,1610,27.7,6
S000 057,0,4.3,0.04,9390,11.3,1.3,0.29,50.8,2.5,9.4,2010,8,6.8,169,13.8,15.7,0.6,113.5,8.6,3.4,0.5,1.22,1,4.3,0.05,0.9,4.2,13.1,2.4,103.5,14.05,0.9,0.2,6.3,335,194.5,0,1.3,0,1170,0,0,69,6,1.8,0,1600,0,1.2,0,17.15,75,0.44,2.5,6.96,10,0.1,59.1,16.8,90,29.8,6
S000 058,0.5,4,0.19,8710,12.1,1.8,0.36,25.6,1,16,1915,6,7.3,145,11.9,25.4,0.7,81.9,5.8,3.1,0.3,1.93,0.5,4.8,0.1,1.3,7.3,5.3,4.8,79.6,5.23,0.5,0.1,9.1,253,146,0.07,2.3,0,659,0,0,112,9,2.5,0.2,910,0,0.9,0,33.9,37,0.4,4.7,17.2,10.1,0.1,49.5,34.2,110,42.2,6
S000 059,0.8,7.2,0.1,4180,17.3,1.5,0.41,9.5,3.8,49,995,9,8.3,528,111.5,74.9,6.4,47.6,12.1,38.4,0.6,2.4,1,26.7,0.16,0.7,13.9,5.8,5.8,30.5,11.8,2.1,0.7,47,358,1305,0,7.8,0,777,0,0.5,151,10,19.7,0.3,265,0,11.9,0,79.1,235,1.14,9.1,31.8,24.3,0.2,570,47.5,170,74.4,6
S000 060,3.8,7.2,13,2940,2.2,0,0.86,202,2.6,1050,1660,5,2.1,1130,441,179.5,133.5,13.3,11,561,3.5,1,1.3,80.6,0.21,0,359,1.5,9.4,226,16.85,5.3,0.1,1125,885,95.3,0.39,202,0,136,0.01,0.5,52,12,400,0,1490,0,81.5,0,12.8,95,0.24,18,37.6,20.3,0,2040,81.1,830,24.2,7.3
S000 061,1.5,28.1,0.28,2060,32,1,0.76,64.4,3.3,536,592,25,1,319,163,85.5,37.9,77.3,12.9,163,1.7,3.58,1.6,31.8,0.2,0.5,153,3.7,7.8,99.8,15.55,2.6,0.7,454,588,1245,0,90,0,66.6,0.01,1.5,161,10,138.5,0.6,555,0,27.1,0,156,281,0.16,10.4,43.3,32.4,0.2,843,56.9,200,104,6.4
S000 062,0.5,5.3,0.05,3950,23,1.5,0.37,127,15.9,11.3,2820,5,1.3,533,50,55.6,1.7,70.5,8.4,10.1,0.3,1.48,0.8,15.8,0.11,0.6,2.7,3.6,6.3,92.5,40.2,1.6,0.3,8.9,1230,234,0.08,1.3,0,147,0.01,0,102,5,4.6,0.3,2120,0,3.8,0,45.2,140,0.43,7.8,14.7,10.7,0.1,284,46,1890,48.3,6
S000 063,7.5,198.5,1.61,3550,25.9,1,1.77,71.2,0.9,549,241,389,5.6,422,81.3,32.6,23.9,117.5,26.2,95,2.4,11.05,3,14.2,0.53,0.8,215,19.7,2.5,75.1,13.1,8.4,3.6,306,1370,965,0.1,72.2,0.1,322,0,7.2,224,34,82.1,1.9,524,0.25,14.6,0,184.5,2440,0.52,3.6,29.8,171,1,366,19.3,220,304,6.4
S000 064,3.2,73.9,0.16,3380,16.1,0.7,0.69,181.5,6.6,123.5,728,19,2.5,225,46.8,26.5,8.9,60.7,8.4,42.5,0.8,4.02,2.6,9.7,0.19,0.5,37.4,5,2.2,88.8,29.9,5,0.5,91.6,2290,802,0.1,18.2,0,240,0.01,1.4,87,9,31,0.5,1840,0,7.6,0,149.5,267,0.32,3.2,25.5,23.5,0.4,248,17.3,770,126,6.4
S000 065,3.5,14.9,0.33,4540,42.5,0.7,0.52,55.3,14.6,471,584,6,1.9,802,180,115.5,30.7,41.3,8.4,148.5,1.1,2.87,2.5,40.2,0.3,0.4,84.7,1.9,11.6,93.9,45.3,4.6,0.2,280,2440,481,0.29,51.6,0,252,0.01,1.1,130,13,100,0.2,1410,0,26.7,0,171,69,0.76,14.5,75.5,9.2,0.1,1060,79.9,1630,113,6.4
S000 066,2.4,11.4,0.23,8260,20.1,1,0.35,203,16.7,72.4,946,2,4.9,2290,327,230,19.2,48.3,6.9,114,0.5,1.85,0.7,80.4,0.12,0.6,12.5,3.4,19.1,78.5,25.5,0.7,0.1,96.8,887,353,0.45,13.5,0,477,0.01,0.5,214,3,49.2,0,4540,0,34.9,0,68.9,23,1.21,28,64.4,7.1,0.1,1905,145.5,1160,54.8,6
S000 067,1,10.2,0.09,16900,18,0.7,0.72,229,13.3,78,910,8,5.7,3760,569,519,25.3,54.3,9.1,148,0.8,1.46,1.7,163.5,0.19,0.6,18.9,7.1,43.4,212,27.8,1.5,0.2,125,1330,202,0.88,17.9,0,656,0.02,0.6,311,8,61.3,0.2,5190,0,51.3,0,37.5,122,2.21,63.7,44.2,26,0.2,3320,342,1910,42.3,6
S000 068,0.7,9.6,0.24,4480,12.4,1.1,0.48,39.3,3.4,52.1,984,6,12.4,1790,245,239,10.9,58.8,9.3,60.3,0.6,2.38,1.2,69.9,0.16,1,13.6,3.5,28,100,23.4,1.3,0.3,60.3,334,311,0.26,9.4,0,597,0.01,1.3,429,4,29.1,0.2,1050,0,21.9,0,41.6,99,2.55,33.5,41.5,22.1,0.1,1140,203,420,67.7,6
S000 069,0.3,15.5,0.03,4940,7.4,2.3,0.25,44.1,0.5,7.3,2450,10,5.7,37,1.1,0.9,0.2,190,20.9,1.2,0.6,0.9,0.4,0.2,0.05,1.4,4.1,13.3,0.5,108.5,22.7,1.2,0.4,4,294,5.8,0.08,0.9,0,651,0,1.2,75,9,0.9,0,1290,0,0.1,0,10.15,104,1.2,0.3,6.79,31.2,0.2,5,2.1,20,22.9,6
S000 070,0.4,9.9,0.12,3100,8.6,1.1,0.39,43.4,1.8,3.9,2170,8,10.6,598,12.6,16.7,0.4,104.5,10.1,2,0.8,1.29,0.7,4.1,0.07,1.5,1.7,5.1,2.2,56.6,18.75,0.5,0.1,2.9,225,196,0.15,0.5,0,796,0,0,158,8,1.3,0,1010,0,0.9,0,20.3,54,1.36,2.6,14.85,11,0,47.6,16.6,340,33.6,6
S000 071,3.2,38.9,4.75,4260,16.3,0.8,1.43,11.9,2.3,299,506,39,18.8,1750,287,170,33.2,70.8,17.9,158.5,2.4,5.42,2.9,63.2,0.41,0.5,90,10.5,14.2,40.4,17.8,5.4,1.3,286,320,539,0.24,52.4,0,873,0.01,3.8,197,26,101,1.1,229,0.11,37,0,105,504,4.33,21.1,70.1,63.9,0.8,1520,114,220,154.5,6.4
S000 071B,3.2,39.6,4.68,4480,16.2,0.8,1.52,12.5,2.3,303,515,39,18.5,1720,278,173,31.7,72.1,18.8,153.5,2.5,5.6,2.8,61.4,0.41,0.7,92.6,11.2,15,41.9,17.6,5.7,1.3,286,326,531,0.31,53.4,0,891,0.01,4.2,203,23,99.8,1,228,0.11,35.9,0,102,528,4.19,21.4,70.3,65.4,0.7,1485,118,230,154.5,6.4
S000 072,0.1,4.6,0.24,8350,7,1.2,0.37,54.5,2.8,13.3,761,5,8.5,378,71.7,70.2,2.3,82.5,10,13.6,1,1.15,0.6,21,0.09,1.2,4.8,2.7,6.8,85.3,10.65,0.6,0.1,15,229,368,0.11,2.7,0,465,0,0.5,120,8,6.7,0,1080,0,5.8,0,19.2,37,0.64,9.2,16.85,11.7,0,317,53.1,330,28.4,6.4
S000 073,0.9,7.1,0.18,6670,8.7,1.1,0.43,42.1,9.5,12.6,1975,8,10.2,340,44.3,41.5,1.3,80.8,10.9,8.3,0.8,1.55,1.3,13.3,0.08,1,5.5,1.8,3.7,63.1,10.25,0.8,0.2,10.4,230,358,0.17,2.1,0,838,0,0,91,8,3.7,0.2,867,0,3.3,0,23.2,75,0.51,5.4,17.15,18.2,0.1,184,30.3,330,40.2,6.4
S000 074,0.4,10,0.17,12400,19.7,1.6,0.6,65.4,5.5,29.7,2570,13,3.6,317,58,52.8,3.2,101.5,10.3,17.5,1,2,0.5,15.9,0.12,0.6,12.6,6.1,5.4,90.1,22,1.5,0.4,23.7,407,898,0.05,4.6,0,750,0,0,86,8,8.9,0.3,1590,0,5.7,0,71.6,147,0.48,7.2,31.7,26.2,0.1,307,40.4,760,54.6,6
S000 075,0.1,3.1,0.15,6590,7.3,0,0.74,387,5.8,159,1300,8,0.6,2260,456,351,56.4,29,4.4,266,1.6,0.4,0.5,115,0.36,0.1,61.8,2,29.2,297,35.9,0.7,0,289,1450,59.4,0.61,46.3,0,155.5,0.02,0,222,0,134,0,3790,0,55.1,0,9.36,41,0.25,44.5,19.1,30.5,0,2480,243,1660,7.8,6.4
S000 076,6.2,2.5,5.81,14900,0.3,0,0.8,681,6,109,1350,2,0.2,1330,224,110,62.2,16.8,3.3,297,2.1,0.24,0.9,45.7,0.38,0,92.5,2,7,563,22.8,0,0,374,1020,653,1.03,56.4,0.1,26.8,0.01,0,34,10,163,0,7830,0,39.3,0,1.41,6,0.05,11.2,11.7,30,0,1275,54.1,1000,4.5,6.7
S000 077,0.8,10.2,0.34,7800,23.3,1.1,0.53,114,9.5,46.4,2050,13,1.2,814,155.5,115.5,12.4,112.5,10.8,65.6,1.5,2.4,1.4,38.6,0.15,0.5,13.2,9.9,11.1,134.5,25.5,1.8,0.4,65,883,608,0.26,9.7,0,177.5,0.01,1,163,10,33,0.3,2190,0,17.8,0,52.9,173,0.4,14.7,40.6,30.6,0.1,780,82.7,2530,71.2,6.4
S000 078,4.3,25.2,0.07,3400,15.1,1,0.67,157.5,4.7,102,1190,16,0.9,338,37.9,21.2,7.5,63.1,5.8,34.6,1.1,4.16,1.5,7.9,0.21,0.3,33.1,2.7,2.3,59.4,36.1,4.4,0.3,77.5,1860,1080,0.08,15.4,0,227,0.01,1.8,55,8,26.1,0,1310,0,5.9,0,151.5,127,0.29,2.7,19.35,17.4,0.2,177,15.8,270,142.5,6.7
S000 079,12.9,129,0.31,2820,21.3,0.7,1.37,77.1,2.5,925,455,116,6.7,611,96.7,41.6,29.1,82.6,22.9,117.5,2.6,8.53,3.4,17.2,0.51,0.5,252,14.6,3.1,63,35.1,10.8,2.6,395,1740,822,0.12,90.8,0,404,0.01,6.8,223,27,102,2,369,0.16,17.9,0,302,1385,0.95,4.9,39.6,121.5,1.1,448,24.9,270,274,7.6
S000 080,3.5,12.3,0.87,4360,23,0.3,0.36,44.7,9.7,121.5,374,16,2.8,2210,201,148.5,21.4,31.3,5.7,111,0.9,0.99,0.7,49.1,0.32,0.4,18.8,2.4,16.5,121,37.1,1.1,0,124.5,5590,247,0.37,17.8,0,173,0.01,1,272,6,58,0,988,0,24.7,0,111,34,0.59,19.2,57.7,4.1,0,1155,113.5,1530,37,6.4
S000 081,0.9,14.2,0.23,16300,28.3,0.8,0.55,67.5,22,35.8,1565,4,5.3,3270,285,360,9.2,48,5.8,60.3,0.7,1.71,1.5,98.2,0.27,0.4,11.2,3.6,38.5,123.5,53.2,3.2,0.3,50.3,1850,107,0.34,7.8,0,556,0.01,1.1,163,10,23.5,0,1990,0,22,0,78.4,131,1.53,49,95.5,12.8,0,1980,281,1530,66.7,6
S000 082,0.6,6.5,0.09,10300,16.7,1.4,0.52,69.8,13.6,44.7,1105,4,7.8,2490,336,300,13.9,31.4,7.7,83.7,0.7,1.82,1,94.8,0.22,0.3,11.2,3.8,28.3,57.9,50.9,2.4,0.4,71.9,1210,252,0.2,10.5,0,765,0.01,0.7,241,4,34.9,0.3,1870,0,29.9,0,52.1,123,2.49,38.5,47.9,17.3,0.2,1990,210,350,50.3,6.4
S000 083,1.5,3.2,0.38,8670,31.4,0,0.77,108.5,11.5,192,826,6,1.6,2360,971,846,67,43.4,7.6,357,1.7,0.8,1.6,264,0.21,0.3,44.4,6.9,82,304,30.2,0.5,0.1,356,1570,137,1.24,49.4,0,314,0.03,0,447,3,171.5,0.2,3210,0.07,99.3,0,74.8,89,1.1,109,74.1,8.8,0.2,5460,608,1330,21.5,6
S000 084,2.5,16.2,0.49,9090,11,12.9,0.6,16.5,0.8,58.4,633,15,11.6,351,22.1,44.9,2.9,116.5,8.3,11.7,0.5,6.5,1.1,8,0.14,1.2,21.9,10.2,12.8,76.1,8.13,0.6,0.4,39.9,138,64,0.11,8.8,0.1,1160,0,1.5,241,13,10.8,0.4,422,0,2.4,0,71.9,159,4.71,9.4,34.4,21,0.1,105.5,80,140,173,6
S000 085,0.2,5,0.12,7040,14.9,1.4,0.53,16.2,7,52.4,1995,5,12,1100,287,249,12.3,88.6,8,69.3,1,1.87,0.5,76.5,0.09,1.2,15.7,5.7,24.6,93.8,12.7,0,0.1,64.1,465,768,0.4,10.3,0,1375,0.01,0,344,10,32.7,0,421,0,25.5,0,39.3,25,2.85,32.8,35,6,0,1185,189.5,430,48.8,6
S000 086,0.7,17.1,0.24,4840,12.6,0.7,0.9,9.2,4.5,63.9,1345,28,5.5,781,108,81,7.7,101,11.7,38.8,1.3,5.16,1,26.8,0.11,1.2,24.1,6.4,7.9,95.3,14,2,0.5,59.4,320,577,0,10.8,0,1080,0,1.5,198,10,21.9,0.4,295,0,11.7,0,93.4,198,0.75,10.4,34,36.4,0.3,499,59.6,280,145,6
S000 087,0.8,11.8,2.69,18500,11,0.6,0.77,43.2,2.4,23.8,4480,9,9.7,1410,37.5,51.6,2,100.5,8.6,9.5,0.9,3.45,5.5,12.4,0.14,1.7,8.9,6.9,8.9,102.5,27.5,0,0,18.8,420,102,0.31,3.6,0,341,0.01,1,284,9,6.5,0.2,995,0,3,0,24,19,3.88,8.7,23.3,12.4,0,147.5,61.7,450,98.4,6
S000 088,0.1,6.4,0.1,11600,6.6,1.5,0.3,152.5,1.5,6.3,2480,4,10.5,283,21.4,44.2,0.4,86.9,8.2,2.9,0.7,1.92,0.8,9.4,0.06,1,3.2,3.7,6.6,123,29.2,0.7,0.1,4.7,162,188.5,0.15,0.9,0,774,0,0.5,111,7,1.6,0,2530,0,1.2,0,15.9,34,1.39,7.1,11.2,13.7,0,113,47.8,440,49.6,6
S000 089,0.4,6.9,0.55,21200,13.5,1.6,0.53,32.8,2.1,21.2,1190,6,8,290,43.9,62,1.6,108,6.3,8.5,0.6,2.54,0.5,15,0.07,1,7.5,3.9,8.2,113.5,8.44,0.5,0.1,15.1,196,311,0.18,2.7,0,597,0,0,190,8,5,0,900,0,3.3,0,51.7,24,0.35,9.6,41.4,15.2,0,220,62,440,70.8,6
S000 090,0.2,9,0.04,9250,13.1,1.3,0.53,89.5,4.5,9.7,3150,10,2.9,278,14.9,22,0.7,139,11.2,3.6,0.9,1.08,0.4,5.4,0.14,0.7,4.3,6,2.9,107.5,9.42,1.1,0.4,6.7,346,366,0.05,1.3,0,372,0,0.5,67,7,2.5,0.2,1610,0,1.1,0,29.6,151,0.23,3.5,15.45,65.1,0.1,83.6,22.5,670,30.5,6
S000 091,2.1,0,0.42,5020,26.2,0,1.04,50.9,2.2,2170,3130,15,0.5,1740,566,237,170.5,59.3,21.1,622,5.3,2.54,0.3,100.5,0.2,0.7,597,2.4,14,231,4.86,0.6,0.1,1745,415,193,0.54,349,0,167.5,0,0,945,7,510,0,882,0,97.2,0,102.5,85,0.14,26.1,27.9,13.4,0,2640,128,920,65.5,6.4
S000 092,0.4,14.2,0.36,3500,22.6,0.9,0.47,41.4,6.2,49.6,2620,21,2.4,376,88.1,65.6,6.9,125,12.4,35.6,1,2.63,0.6,22,0.16,0.6,16.6,15.3,6.2,90.2,9.33,1.4,0.6,47.7,590,775,0.16,8.3,0,371,0,1.9,131,8,20.2,0.6,938,0,9.8,0,48.5,275,0.3,8.2,40.2,48.7,0.3,409,47,950,71.6,6
S000 093,0.6,8.3,0.15,9290,20.4,1.8,0.46,239,9.7,20.4,2540,13,4.9,355,42.6,52.7,1.5,103.5,11.8,9.1,1.1,2.14,1.1,13.9,0.13,0.9,5.9,8.2,5.6,111,50.9,3,0.8,11.4,608,141,0.19,2.2,0,261,0,1.2,128,10,4,0.6,4840,0.06,3.3,0,29.7,289,1.63,7.3,27,36.2,0.3,212,42.8,4050,60.6,6
S000 094,1.8,9.6,0.09,2890,13,0.4,0.42,357,13,98,4000,26,2.9,325,50.5,36.3,7.5,76.9,10,33.7,1.2,1.67,1,12.3,0.1,0.5,22.3,9.4,3.1,151,82.5,3,0.6,54.1,1290,327,0.12,10.7,0,418,0.01,0.6,102,5,20.6,0.4,2430,0,6.8,0,37.6,302,0.55,4.5,14.05,37.3,0.2,262,24.7,2460,46.9,6.4
S000 095,3,14.8,0.12,2370,13.6,0.4,0.5,15.4,2.9,98.6,661,100,0.9,411,33.8,15.3,7.7,127,15.8,29.2,1.5,2.33,0.9,6.3,0.16,0.8,33.9,6.5,1.1,106,3.38,2.6,1.4,73.9,779,327,0.05,15.1,0,121,0.02,1,97,10,22.2,0.5,193,0.09,5.4,0,34.3,989,0.16,1.7,17.55,85.3,0.2,145,8.9,340,62.1,6.4
S000 096,2.5,7.5,0.05,4620,13.3,0.7,0.4,144.5,10.9,26.5,3820,23,2.5,253,43.2,42,2.1,106.5,13.4,11.2,0.9,2.19,1.1,12.5,0.09,0.6,5.8,9.4,3.3,121,47.1,2.8,0.8,13.2,1490,258,0.12,2.4,0,256,0.01,0.5,144,4,5.3,0.3,1580,0.05,3.9,0,52.1,451,0.66,5.4,19.9,47.3,0.2,233,28.7,1710,64.4,6
S000 097,4.3,15,0.36,5890,17.2,0.3,0.49,87.7,25.1,61.5,1665,15,8.9,1500,134.5,96.5,9.3,45.8,6.9,48.8,0.7,2.2,2.6,33.8,0.17,0.4,14.5,4.7,6.9,114,38.4,3.2,0.3,52.5,2510,383,0.25,9,0,575,0.01,1,231,9,22.5,0.6,1120,0,14.3,0,78.6,155,1.08,11.1,52.1,40.3,0.1,714,56.8,1250,70.5,6
S000 098,0.8,6.9,0.08,15600,17,1,0.36,104,15.7,6.3,5650,8,3.2,1040,36,60.7,1,104.5,8.7,6.6,0.6,1.53,0.8,14,0.09,0.5,2.4,5.5,7.5,115.5,41.6,1.6,0.3,6.3,1470,247,0.13,0.8,0,334,0.01,0,92,6,2.7,0.3,2300,0,2.6,0,18.95,95,0.74,9.3,22,15.1,0.1,276,55.3,5730,39.9,6
S000 099,0.7,11.9,0.51,4440,36.3,0.9,0.91,23.1,12.3,253,1500,14,6.4,2610,727,540,51.4,58,11.4,275,1.6,3.38,1.9,181,0.29,0.7,42.1,11.4,46,106.5,31.8,3.6,0.5,274,786,652,0.4,41.7,0,768,0.01,1.7,436,9,136,0.4,686,0,79,0,120.5,258,2.53,66.2,107,78.5,0.2,3760,362,310,100.5,6
S000 100,2.5,36.9,1.68,5460,31.3,0.9,1.2,3.1,3.9,578,1100,39,7.4,1590,415,242,61.9,78.5,17.4,283,2.6,11.8,0.8,89.3,0.34,0.9,150,9.1,22,91,14.15,3.1,0.9,562,307,1020,0.35,98.4,0.1,852,0,3.6,363,15,195.5,0.9,99,0.07,57.8,0,269,403,1.33,29.6,126.5,60.7,0.5,1845,168,260,334,6
S000 101,1.7,23.7,1.31,7920,31,0.9,1.39,2.8,10.6,596,2060,20,6.5,1480,604,341,81.9,72.9,13.7,408,2.6,8.66,0.9,126.5,0.43,0.6,176.5,3.4,29.9,97.6,20.2,2,0.3,719,433,1065,0.48,124.5,0.1,891,0.01,1.5,327,6,259,0.3,71,0,84.7,0,291,112,0.38,40.9,139.5,26.8,0.2,2930,222,250,244,6
S000 102,3,26.9,0.19,5410,10.5,1.3,0.46,4.2,1.2,18,474,16,10.4,327,6.1,9.7,0.8,119.5,11.6,3.1,0.9,1.97,0.6,1.9,0.09,1.2,8.3,7.4,2.5,50.6,1.75,2.4,0.4,9.6,246,210,0.12,2.2,0,1090,0,1.7,95,10,2.4,0.4,127,0,0.6,0,36.3,197,0.85,1.9,24.3,28.6,0.3,28.6,16.3,50,49.7,6
S000 103,1,5.5,0.11,7660,3.4,0.6,0.15,12,0.5,4.5,230,5,14.7,44,0.5,0.4,0.1,57.4,7.3,0.6,0.1,1.25,1,0,0.04,1.1,3.1,6.8,0.3,48,3.09,0,0,2.7,94,0.1,0.08,0.7,0,316,0,0.5,49,4,0.7,0,353,0,0,0,4.58,12,0.78,0.1,2.69,9.4,0,2.4,1.2,20,31.3,6
S000 104,1.2,4.3,0.43,6910,6.4,0.5,0.46,13.4,2.3,16.9,325,5,16.6,671,60,52.9,2.5,25,4.7,13.1,0.1,1.04,0.7,16.4,0.18,0.7,6.7,1.6,5,48.8,3.17,0.6,0.1,16.1,155,170,0,3,0,475,0,0.6,89,8,6.6,0.2,240,0,4.9,0,17.45,43,1.45,7,21,11.3,0,290,39.5,130,25.2,6
S000 105,0.5,4,0.08,11100,11.3,1.2,0.34,92.8,6.6,14.9,3290,4,11.5,604,90.3,61.2,4.3,68.8,10,23,0.1,0.86,1.2,21.9,0.07,1,4.6,4.1,4.3,135.5,11.45,0.6,0.1,20.6,371,885,0,3.3,0,653,0,0,78,3,10.2,0,1720,0,8.5,0,22.7,63,0.37,7.4,18.95,12.1,0,463,37.4,580,18.9,6
S000 106,1.6,0,0.13,7540,0.5,0,0.54,497,6.2,108,573,3,0.6,1530,372,206,71.9,3.4,3.2,317,1.3,0.11,0.5,77.5,0.18,0,63.3,3.4,15.1,392,31,0.7,0,316,2530,28.5,0,45.3,0,88,0.01,0,29,10,166,0,5150,0,53.1,0,0.73,0,0.17,23.9,10,5,0,1900,122,1190,4.7,6.7
S000 107,0.4,0,0.33,10100,17.2,0,0.4,142,19.1,60.3,4100,3,6.8,1500,361,233,24,69.8,8.1,111.5,0.8,0.93,1,83.5,0.1,0.9,13,8,18.6,193.5,20.9,0,0,107.5,653,284,0,14.6,0,260,0.01,0,343,8,56.3,0,2660,0,36.2,0,28.2,9,0.19,29.3,23.8,5.5,0,1785,152.5,1450,24.2,6
S000 109,0.6,4.6,0.07,6510,29.8,1.9,0.29,112,9.9,58,928,7,7.6,2770,333,263,13.4,55.6,11,78.1,0.9,1.22,0.6,88.1,0.1,1.3,14.6,9.6,19.2,59.7,27,2.7,0.6,72.4,699,329,0,10.9,0,189.5,0.01,0.9,237,4,37,0.3,2970,0,28.9,0,31,181,1.72,32.5,54.2,29.9,0.3,1595,159.5,1530,37.4,6
S000 110,2.3,4.2,0.37,11000,30,0.6,0.66,15.4,14.9,89.6,1550,5,2.6,598,182,118.5,12.6,57.7,6,67.9,0.7,4,1.1,42.3,0.16,0.4,21.9,5.4,11,207,32.1,0.8,0.1,83.7,988,760,0,14.3,0,464,0,0,157,10,36.9,0,610,0,19.1,0,230,42,0.7,14.7,85.3,7,0,935,78.3,1290,119.5,6
S000 111,6.1,19.9,2.73,3570,20.8,0.7,0.84,3.9,10.6,491,425,16,12.4,3270,342,169.5,53.2,29.9,12.3,242,2.3,5.89,3,66.6,0.41,0.5,118.5,7,15.2,36.8,17.75,4.5,0.7,510,313,1010,0,88.5,0,776,0.01,2.2,287,20,170,0.8,92,0,49.2,0,201,290,1.13,20.6,126.5,32.1,0.2,1675,113.5,180,167.5,6.4
S000 112,0.4,11.7,0.25,7130,19,1.1,0.47,15.4,2,22,2570,14,5,289,17.3,26.1,1.2,92.9,7.1,5.3,0.7,3.8,1,6,0.12,1,8.9,9.3,5.5,86.1,5.81,1,0.3,13.8,339,228,0,3.1,0,565,0,0.8,179,10,4.5,0.3,433,0,1.4,0,89.9,110,0.4,4.8,39.7,27.7,0.2,82.5,34.8,270,99.9,6
S000 113,0.3,7,0.16,6870,8.3,0.9,0.38,6.8,0.9,5.3,615,9,3.9,143,2.1,3.4,0.2,71.4,6.2,1.1,0.7,1.46,1,0.6,0.09,0.8,2.6,6.9,0.9,74.8,2.2,0.5,0.2,3.5,218,67.6,0,0.8,0,434,0,0.7,58,8,0.7,0.3,215,0,0.1,0,28,78,0.67,0.6,12.1,21,0,9.9,5.9,110,35.4,6
S000 114,0.2,3.6,0.74,12900,12.4,0.4,0.32,208,19.1,30.5,2450,4,10.4,654,165.5,166,7.5,54,5.2,37.8,0.3,0.66,7.8,48.8,0.09,0.8,8.6,3.4,15.1,201,16.2,1.2,0.1,39.5,364,552,0,6.8,0,466,0.01,0.5,190,11,17.3,0.3,2470,0,13.3,0,25,41,0.32,22.3,34.4,89.9,0,986,119,10400,17.1,6
S000 115,1.6,2.5,0.56,24200,1.2,0,0.61,553,6.8,146,1850,2,1.9,1580,328,223,48,12.8,3.6,235,1.3,0.08,1.4,76.5,0.24,0,79.3,0.9,18.3,258,29,0.6,0,300,1480,77.5,0,48.8,0,353,0.02,0.5,36,10,126.5,0,6560,0,42.6,0,3.02,0,0.39,27.8,21,25.9,0,2080,141.5,510,5.2,6.4
S000 116,0.7,5.9,0.21,7780,24.1,1.4,0.28,70,3.9,25.3,2980,8,2.8,330,98.4,99.9,3.8,99.6,8.9,20.2,1.2,2.93,1.1,28.9,0.1,1.4,8.3,11.2,10,122,9.27,1.4,0.3,24.2,637,921,0,4.2,0,411,0.01,0.9,210,7,10.2,0.3,1610,0,7.7,0,72.2,149,0.27,13.8,32.3,17.3,0.1,537,76.2,410,67.5,6
S000 117,1.4,22.3,1.51,2230,37,1.1,0.62,35.8,4.1,983,603,28,3.6,429,256,121,66.8,68,16.1,269,3,6.48,1.8,47.3,0.23,0.5,283,6.2,10.9,57,13.65,3.1,0.5,816,382,1670,0.23,166.5,0,328,0,1.5,218,15,234,0.6,413,0,41.9,0,327,245,0.37,14.8,105.5,37.4,0.2,1240,79.1,360,183.5,6.4
S000 118,0.6,8.5,0.97,3200,39.7,1.3,0.38,9.8,8.6,142.5,906,5,3.4,528,330,234,28.4,80.1,7.9,140.5,1.1,2.56,1.3,78,0.18,1,35.3,3.3,24.2,91.8,11.5,1,0.1,194,305,1940,0,31.2,0,299,0.01,0.9,290,10,81,0,470,0,36.9,0,174,28,0.66,30.6,127.5,29,0,1845,170,580,75.3,6
S000 119,0.1,6.3,0.13,7690,13.7,1.4,0.33,220,8.7,49.8,1065,4,6,862,235,233,10.7,55.7,8.6,55.4,0.7,1.13,1.1,67.1,0.07,1.5,12.5,3.4,25.7,144,41.3,0.8,0.2,65.9,267,265,0,10.5,0,418,0.02,0.9,265,12,29.6,0,5520,0,19.5,0,19.9,67,0.93,32.3,19.6,16.1,0.1,1180,185.5,320,33.6,6
S000 120,4.9,27,0.75,3160,23.1,0.7,0.8,42.1,7.5,159,350,16,3.6,962,96.6,54.2,17.2,54.2,12,77.6,1.5,5.04,3.4,19.5,0.4,0.4,43.1,11.2,5.8,85,33.4,4.8,0.8,148.5,2360,669,0,26.5,0,347,0.01,2.1,159,17,55.2,1,749,0.06,13.7,0,214,421,0.66,7.1,67.6,34.2,0.4,505,40.5,690,166,6.7
S000 121,22.4,560,156.5,2860,0.7,0,0,122,9,24.4,481,5,0.8,3050,41.8,20.4,9.4,7.6,1.4,45.1,0.6,0.62,663,8,0.08,0,10,1.6,2.3,22.2,18.3,29.6,0,48.4,241,21.7,0.09,6.6,0,17.4,0,5.2,11,7,25.6,0.3,566,0,6.6,0,3.33,25,0.64,2.5,23.1,6.3,0.3,203,14.1,19800,20.9,9.5
S000 122,0.6,36.6,1.1,3020,20.2,0.6,0.41,10,11.4,32.6,1100,9,3.2,545,57,47.1,4.1,44.4,7.7,21.8,0.7,2.54,10,14.4,0.14,0.3,9.7,5.8,5.4,39.8,20.3,3.7,0.5,30.2,541,724,0,5.3,0,297,0,1.3,80,10,12.1,0.2,351,0.05,5.7,0,101.5,176,0.47,6.7,33.4,29.9,0.3,339,38.6,17500,69.1,6.4
S000 123,0.7,16,0.71,6510,20.8,0.4,0.34,84.9,4.4,248,941,8,1.9,682,125,79.7,21.4,36.5,8.4,97.7,1.2,2.51,2.8,27.7,0.25,0.2,72.6,3.4,8.4,117.5,31.8,3,0.3,228,511,473,0,43.4,0,239,0.01,1.3,121,12,74.1,0.3,1580,0,17.4,0,144,124,0.53,10.4,62.1,20.7,0.2,730,59.8,400,81.1,6.4
S000 124,0.2,0,0.05,5060,8.7,0,0.43,331,7,193.5,1200,13,0.1,3490,712,541,88.3,40.9,4.4,372,1.8,0.34,0.8,176.5,0.13,0.3,60.8,7.8,52.6,423,27.3,0,0,364,2500,22.1,0,53.6,0,31.1,0.01,0,427,7,187,0,3710,0,81.1,0,6.01,19,0.09,72.4,11.6,22,0.1,3820,403,2830,6.9,6
S000 125,0.2,0,0.73,7560,0.8,0,0.66,391,5.5,134.5,1730,5,0.4,3700,382,254,67.5,8.2,3.4,287,1.9,0.28,0.5,88.3,0.91,0.1,58.3,2.7,22.1,402,35.6,1.3,0,311,1690,34.8,0,43.8,0,64.9,0.03,0.5,55,11,152.5,0,4210,0,51.3,0,1.51,0,0.44,31,11.2,13.8,0,2140,164.5,550,4.6,6.4
S000 126,0.2,7.8,0.38,11600,20.6,1.9,0.32,68.6,12,29.3,3690,6,9.8,1700,141.5,150.5,5.8,58.7,8.7,31.9,1.2,2.36,1.2,42,0.16,1.1,7.4,7,17.1,85.1,25,3.1,0.4,30.4,782,532,0,5.1,0,560,0.01,1.4,222,12,15.3,0.5,1720,0,11.3,0,50.5,172,1.21,21.7,41.5,38.5,0.2,841,123,2060,61.9,6
S000 127,5,17.8,1.6,4860,45.9,0.6,1.17,23.7,4.3,2790,1230,21,2.6,759,656,355,190.5,55.5,25.8,735,7.2,5.23,1.5,129.5,0.49,0.6,803,3.6,36.1,150.5,21,2.7,0.2,2410,433,998,0,478,0,272,0.01,1.8,360,26,668,0.4,583,0,108.5,0,277,108,0.74,45.6,175.5,26.8,0.1,3440,254,320,182.5,6.7
S000 128,1.1,26.1,0.58,2400,18.1,1.3,0.41,25.1,6.9,108.5,1060,23,3,352,52.6,32.1,8.9,72.9,11.9,38.9,1,4.62,1.6,11.1,0.21,0.7,29.9,6.5,4,41.6,22,2.3,0.5,88.3,294,910,0,16.7,0,260,0,1.6,123,10,29.7,0.6,602,0,7.3,0,162,207,0.58,4.2,38.5,41.6,0.2,264,25.1,770,127,6
S000 129,0.1,5,0.11,4530,8.8,1,0.27,78,5.2,31,530,3,14.7,1020,138.5,131.5,6.4,14.2,4.9,35.6,0.6,0.92,1.1,39,0.15,0.3,7.4,2.5,14.8,129,35.6,1.1,0.2,42.2,166,125.5,0,6.7,0,741,0.01,0.5,188,6,19,0,2020,0,11.9,0,28.3,111,2.71,18,11.7,8.3,0.1,780,104.5,360,25.8,6
S000 130,6,2,4.79,3830,4.2,0,0.45,202,7.2,225,280,2,1.7,1710,209,112,45.2,11.9,3.6,201,1.4,0.52,0.9,41.4,0.32,0.1,86.3,1.1,11,180,19.55,1.9,0,334,3300,900,0,55.5,0,193,0.02,0.6,52,12,132.5,0,2100,0,31.7,0,21.1,5,0.3,14.1,70.4,2.4,0.1,1100,76,1970,22.1,6
S000 131,3.1,20,1.99,4080,22.1,0.7,0.43,10.6,6.3,263,807,13,4.2,1500,111.5,52.1,20.8,37.4,9,82.8,1.3,3.53,1.6,20.8,0.31,0.7,60.3,5.7,4.6,91.2,19.05,2.3,0.3,179,927,764,0.06,34.2,0,461,0.02,1.8,249,16,59.8,0.2,213,0,16.7,0,122,118,0.79,6.2,61,29.1,0.1,521,33.1,1140,110,6.4
S000 132B,2.4,94.2,1.05,2740,28.7,1.3,0.84,37,5,351,1630,46,3.4,638,98.4,49.5,22.1,132,14.5,95.9,2,9.86,4.4,19.1,0.35,0.5,111,7.4,4.8,77.4,23.5,13.4,1,267,716,842,0,55.2,0,357,0,3.4,165,22,73.8,1.1,316,0.09,15.6,0,279,436,0.31,6.1,81.2,104.5,0.6,567,33.3,590,305,6.7
S000 132,2.3,89.6,1.1,2680,27.5,1.3,0.81,33.7,5.4,319,1730,48,4.3,691,94.9,47.4,20.6,132.5,16.5,90.7,1.9,9.86,5.8,18.2,0.36,0.5,102,10.1,4.7,76.6,22.5,13.8,1.2,249,703,843,0,51.7,0,371,0,3.6,171,23,69.8,1.2,310,0.11,14.6,0,260,499,0.37,5.8,79.8,102,0.6,536,32.4,560,290,6.7
S000 133,4.4,32.4,1.23,4790,19.9,0.3,0.39,19.3,3.6,570,448,13,1.6,637,105,46.4,26.8,25.4,7.9,114.5,1.3,4.07,0.8,19.1,0.26,0.3,190.5,1.5,4.1,164,12.5,5.7,0.2,392,554,475,0,85.1,0,195.5,0.01,1.2,119,13,99.3,0.2,320,0,17.7,0,209,82,0.28,5.7,54.8,14.1,0.2,592,29.4,240,107,7
S000 134,1.8,5.4,12,8200,0,0,0.51,527,3,62.9,927,3,0.3,1390,224,104.5,74.8,1,2.7,316,1.7,0,0.7,43.7,0.49,0,68.3,2.1,7.8,1000,18.6,0,0,358,1000,9.5,0,47,0,11.5,0.02,0,51,2,171.5,0,6060,0,39,0,0.38,0,0.09,11.1,2.64,2.1,0,1300,54.3,280,2.1,6.4
S000 135,0,0,0.06,5720,1.1,0,0.44,688,5.5,81.7,978,12,0.1,1840,439,305,65.5,16.5,3,294,1.7,0.32,0.3,104,0.17,0,51.2,3.1,28.9,410,30.1,1.5,0,268,821,10.1,0,37.4,0,29.1,0.04,0,65,7,143.5,0,5310,0,55.8,0,0.8,0,0.17,39.4,9.25,30.2,0.1,2470,217,1750,6.2,6.4
S000 136,0.7,7.8,0.06,11200,17.8,1.2,0.38,54.9,7.9,30.6,1895,18,3.4,771,64.5,51.1,4.1,70.9,12.7,22.4,1.6,3.1,1,16.7,0.21,0.5,10.6,12.9,5.2,60.6,28,3,1,29.9,420,368,0,5.3,0,216,0.01,1.1,131,7,11.6,1,1530,0.09,6.4,0,72.7,489,0.83,6.7,30.4,48.5,0.4,387,36.1,740,94,6
S000 137,1.4,77.4,0.64,4190,30.6,1,0.47,16.5,8.3,149,1265,40,8,664,136.5,76.3,17.7,64.7,21.5,77.1,1.8,6.08,2.1,28,0.26,0.6,34.8,20.3,6.6,43.8,26.7,3.3,1.5,135.5,428,824,0,23,0,648,0,2.4,210,14,51.1,1.3,595,0.1,17.9,0,120.5,714,0.83,9.5,53.1,89.1,0.4,636,50.8,170,183.5,6.4
S000 138,1,9.3,0.2,3550,22,1,0.33,34.8,6.7,34.5,887,21,7,736,94.9,78.6,5.8,69.1,14,29.3,1,1.76,0.9,24.6,0.14,1.1,10.7,6.8,8.1,49.3,21,1.6,0.4,36.2,306,372,0,6.2,0,399,0,1.2,246,12,15.8,0.3,903,0,9.4,0,45,161,0.96,10.7,34.8,40.8,0.2,426,60.6,780,55,6
S000 139,0,7.7,0,2890,6.5,3.1,0.39,94,0.5,6.9,1050,22,4.9,53,1.4,2.2,0.1,148.5,16.7,0.9,1,1.93,0.4,0.4,0.08,1.2,3.4,13.4,0.8,81,18.4,1.2,0.9,3.9,243,24.2,0,0.8,0,452,0,0.7,66,11,0.8,0.5,2410,0,0,0,24.1,294,2.22,0.5,6.62,30.9,0.2,8.5,4,70,48,6
S000 140,10,6.8,4.08,8330,0,0,0.47,552,3,109,709,1,0.2,1020,161,58.1,63.7,3.5,2.8,244,1.8,0.3,1.1,27.4,0.36,0,67.6,2.7,3.8,291,22.9,10.9,0,333,1990,50.6,0,44.1,0,41.2,0.01,0,11,5,158.5,0,5630,0,30.3,0,3.95,5,0.21,5.6,18.7,8.9,0.1,806,26.6,350,8.8,7.6
S000 141,2.3,30.6,5.25,4790,39.6,0.7,0.88,84.5,10.5,267,1765,10,2.8,2480,480,333,54.2,67.8,7.7,258,2.3,4.77,2.7,112.5,0.32,0.7,66.9,4.6,34.6,118,27.6,2.5,0.2,337,2490,1250,0,54.2,0,423,0.04,1.3,325,15,149,0.2,954,0,57.6,0,148.5,97,0.4,43.4,152.5,17.5,0,2800,247,1170,151,6
S000 142,9.1,32.9,1.45,3050,36.6,0.7,0.71,17.1,8.1,862,2150,19,3.9,975,227,114.5,51.3,64.2,13,224,2.6,5.97,2.7,44.1,0.4,0.5,225,4.6,10.3,93.5,34.5,4.7,0.4,626,965,1125,0.08,128.5,0,497,0,1.6,194,13,179.5,0.5,169,0,35.9,0,310,177,0.41,14.2,140,26.8,0.6,1290,74.5,400,187,6.7
S000 143,4.2,122.5,0.41,3180,30.2,1,0.83,23.9,4.3,217,1535,51,4.3,441,76,42.9,16.7,99.9,23.2,68,2.6,8.04,1.9,15.7,0.36,0.7,62.1,22.8,4.5,62.5,28.7,6.1,2,165.5,734,914,0,31.6,0,436,0,2.9,191,19,53.5,1.5,546,0.14,11.6,0,236,1035,0.5,5.6,60.5,114.5,0.8,420,31.1,320,234,6.4
S000 144,1.3,1.8,0.33,10200,2.8,0,0.44,281,13.5,84.3,1795,4,1.1,1690,225,142.5,35.2,12.7,3.2,153.5,1.2,0.18,0.8,50.4,0.13,0.1,33.4,5.9,11.4,324,40.1,1.3,0.1,166.5,3600,46,0,25.7,0,254,0.02,0,57,9,79.2,0,4510,0,28.9,0,3.39,17,0.47,17.1,18.1,15,0,1255,86.3,1210,8.6,6.7
S000 145,0.4,0.6,0.12,14200,0.3,0,0.37,680,5.3,53.3,1055,1,0.3,1490,251,147,46,5.6,2.5,209,1.8,0.14,1,54.9,0.19,0,32.2,1.3,10.9,369,31.7,0.7,0,192.5,1690,14.2,0,24.7,0,37.5,0.01,0,23,6,102.5,0,6180,0,35.5,0,0.37,10,0.13,17,3.84,9.3,0.1,1420,84.5,450,3,6.7
S000 146,0.3,6.6,0.02,7620,21.6,1.6,0.37,269,16.4,20.6,2200,5,1.1,349,70.8,78.5,3.8,67.1,7,20.7,1.4,1.32,1.4,21.4,0.13,0.4,5.9,6.1,10.4,117.5,38.7,2.8,0.3,24.2,526,699,0,3.8,0,108,0.01,0,76,7,9.9,0.2,5050,0,6.2,0,48,86,0.78,11.6,31.7,21.7,0.1,436,69.7,1030,37.5,6
S000 147,0.6,6.6,0.08,5280,23.4,1.2,0.12,110.5,8.8,30.8,2180,7,1.4,407,74.5,53,6.1,81,8.6,30.1,1.3,1.24,0.6,17.6,0.09,0.5,7.3,5.5,5.6,58.5,24.6,1.6,0.2,33.4,454,519,0,5.3,0,193,0,0.5,99,5,15.7,0.3,2590,0,8,0,39.5,76,0.25,6.9,22.1,22.4,0.1,373,40.7,1110,33.9,6
S000 148,0.9,3.9,0.04,6420,13.1,1.7,0.3,333,9.1,18,1120,5,4.3,790,63.7,80.4,2.5,88.5,9.6,13,0.5,1.19,1,20.5,0.09,1.3,4.6,13,10.4,203,28.2,1.6,0.3,14.8,563,182,0,2.5,0,349,0,0.5,222,8,6.7,0,6950,0,5,0,11,126,1.1,12.2,7.33,27,0.1,272,76.4,1480,32.2,6
S000 149,0.9,3.2,0,2080,7.2,1.2,0.45,36.9,4,11.7,615,10,6.7,286,34.8,25.4,1.5,86.5,11.8,8,0.3,1.51,0.7,8.8,0.09,1.4,4.3,3.3,1.8,65.6,9.54,0.6,0.4,9.3,286,654,0,1.9,0,448,0,0.5,106,11,3.7,0,1010,0,3,0,21.7,115,0.37,3.1,8.8,14.7,0.1,128,15.6,150,38.7,6
S000 150,8.9,4,0.47,3260,11.3,0,0.69,137,5.3,352,999,4,2.1,1900,393,228,77.6,30.7,5.2,324,1.3,0.63,0.5,84.1,0.4,0.2,135,5,18.8,180.5,51.7,1.5,0.1,501,4340,249,0,90,0,380,0.02,0.7,267,17,201,0,1790,0,57.4,0,47.3,62,0.34,28,45.3,7,0.1,1935,146.5,400,23.2,6.4
S000 151,14.2,52.1,16.8,3800,0.6,0,0.44,221,18.5,231,621,2,0.1,2390,169.5,76.3,51.1,6.1,2.5,225,1.1,0.89,0.8,31.9,0.57,0,80.5,3.5,5.9,597,19.15,11.2,0,347,1310,78,0,53.1,0,27.2,0,0.8,24,7,146,0.2,2790,0,30.2,0,9.92,0,0.06,8.2,76.6,1.8,0.1,1005,39.7,560,28.6,7.3
S000 152,2.2,28.6,0.31,2880,19.5,0.5,0.82,176,9.5,388,1470,12,2.1,388,152,79.4,32.4,74.6,7.3,145,1.2,3.98,1.4,30.6,0.18,0.3,108.5,9.5,6.1,99,53.8,1.9,0.4,301,1060,693,0,61.4,0,378,0,0.9,128,8,99.3,0.2,2760,0,24.2,0,135,172,0.37,9.4,57.5,19.1,0.1,818,47.7,930,117,6.7
S000 153,3.3,4.6,0.26,8870,2.5,0,0.58,548,25.7,82.6,713,2,2.7,1590,202,118.5,33.6,4.6,2.3,159,0.8,0.22,2.2,44.5,0.2,0,33,4.7,8.3,234,37.5,1.9,0.1,156,2550,46.2,0,23.9,0,462,0.01,0.5,33,15,77.4,0,8040,0,28.8,0,2.31,41,0.85,13.5,31.6,23.4,0,1170,66.2,1870,6.7,6.7
S000 154,2.1,7.6,0.99,5690,106,0.3,1.16,45.5,19.6,1265,3610,4,4,1770,1685,1315,196.5,46.1,12.3,1010,3.8,1.99,1.3,411,0.43,0.2,302,12.3,128.5,226,47.4,1.7,0.1,1405,2730,607,0,248,0,301,0.04,0.5,348,7,583,0,1090,0,208,0,132,60,1.65,163,402,8.7,0,8360,961,2250,67.2,6.4
S000 155,2.8,6,0.08,7130,21,1,0.27,107,17.8,51.5,1265,7,2.8,2160,272,187.5,18,56.1,11.2,93.8,0.8,1.28,1.3,65.6,0.08,0.9,13.2,11.2,14.8,122,25.3,1.6,0.2,84.5,911,603,0,12.2,0,326,0,1,164,14,43.3,0.3,3100,0,28.5,0,30.7,128,1.17,22.7,28,24,0.1,1330,116.5,1510,40.9,6
S000 156,1,3.1,0.05,14800,18.8,0.8,0.39,286,15.6,28.5,635,7,4.1,2450,169.5,147,8.6,59.5,9,45.7,0.6,0.86,1,46.7,0.12,0.7,7.9,12.3,12.8,173.5,25.3,0.8,0.2,40.3,770,169.5,0,6.1,0,251,0,0,176,10,19.8,0.2,5820,0,15.5,0,17,102,1.11,19,14.25,27.6,0.1,856,99.7,1830,27,6
S000 157,0.2,7.5,0.02,3100,9.3,2.3,0.33,64.9,5.4,10.7,1305,11,2.9,274,14.5,15.3,0.6,122,14.7,3.6,0.6,1.22,0.6,4.4,0.09,0.8,3.7,8.1,1.7,57.9,26.5,1.7,0.6,6,355,283,0,1.3,0,56.4,0,0.6,81,8,2,0.5,1720,0,1.2,0,19.25,244,0.65,2.1,9.35,30.7,0.2,62.9,13.1,970,33.7,6
S000 158,0.2,13.9,0.03,2180,8.1,3.6,0.65,62,0.7,20.9,272,31,4.9,43,3.1,3.2,0.5,178,17.1,2.4,0.8,3,0.7,0.8,0.11,0.6,9.8,13.6,0.8,65.1,6.15,2.7,2,9.6,175,102,0,2.6,0,417,0,1.1,38,13,2.5,0.8,1810,0.14,0.5,0,37.6,574,0.58,0.6,11.5,63.7,0.4,15.1,4.7,170,76.7,6
S000 159,0.6,2.2,0.04,8630,1,0,0.58,645,2.2,169,668,12,0.2,982,381,204,79.4,4.2,2.7,330,1.1,0.33,0.7,78.4,0.1,0,85,1.4,13.6,441,22.4,0.8,0,344,2030,59.6,0,52.4,0,19.4,0.01,0,57,8,168.5,0.2,4530,0,56.2,0,1.07,20,0.06,23.1,9.98,5.9,0.1,1940,115,610,5.9,6.4
S000 160,0.7,2.3,0.15,4970,12.7,0,0.24,57.6,6.8,7,2150,4,0.3,761,56.7,63.2,2.2,115,6.6,10.7,0.5,0.54,0.6,17.5,0.07,1.3,2.1,23,6.6,195,5.72,0,0.1,7.6,1130,449,0,1.3,0,158,0,0,355,4,4.4,0,1940,0,4.3,0,13.6,53,0.21,9.1,11.1,14,0,261,53.9,3550,16.4,6
S000 161,1.8,20.8,0.11,2540,17.5,1.3,0.43,65.9,7.4,25.2,1735,14,2.3,161,28.1,18.3,2.7,94.5,10.9,13.8,0.3,2.02,1.2,6.4,0.13,0.4,8.3,7.1,1.7,57.4,34.4,2.3,0.7,19.8,372,1860,0,3.8,0.1,259,0,0.6,53,6,7.7,1.1,1430,0.05,3.4,0,78.4,271,0.33,2.3,22.9,26.4,0.4,140.5,13,930,58.6,6.4
S000 162,1.3,16.4,0.31,5280,23.9,0.8,0.54,37.1,6.4,79.4,3180,10,4.1,881,159.5,106.5,13.8,69.8,8.5,72.7,0.7,2.55,1.5,37.1,0.17,0.6,20.7,7,9,86.6,27.3,3.2,0.5,85.2,649,659,0,14.3,0,584,0,1,144,10,38.2,0,1100,0,18.6,0,94.8,213,0.41,13.1,59.6,36.4,0.2,839,68.5,1050,68,6.4
S000 163,0.5,10.2,0.28,7850,21.8,1.7,0.31,206,19.6,24.6,1910,2,3.1,1460,208,196,8.4,52.5,6.5,49.2,0.4,0.94,0.8,59.3,0.08,0.5,5.4,3.9,20,160,33.5,0.9,0.2,36.8,957,325,0,5.5,0,282,0.01,0,146,7,20.5,0,5330,0,17.9,0,38.3,68,1.1,26.2,32.5,9.7,0.1,1150,147.5,3560,26.9,6
S000 164,1.3,13,0.56,4470,21.3,1.1,0.34,167.5,17.3,24.4,13400,9,2.5,2080,56.6,75.4,2.9,103,11.4,14.7,0.7,2.19,1.4,18.4,0.12,0.7,6.7,11.1,10,163,71.4,1.1,0.3,19.1,561,229,0,3.5,0,246,0.01,0.8,111,8,7.5,0,4030,0,4.7,0,30.3,174,1.13,12.1,31.5,22.5,0.1,267,72.6,5950,65.2,6
S000 165,1.6,3.7,0.03,4930,15.7,1.3,0.54,288,14.1,24.1,1190,13,4.9,1370,99.7,80.2,5.1,82.8,11.9,26.9,0.8,1.21,1.5,26.1,0.12,0.9,6.9,10.7,6,149,25.4,1.5,0.4,27.3,550,413,0,4.6,0,352,0,0.6,160,13,12.2,0,6940,0,9,0,21.1,167,1.21,9.9,21,30.7,0.1,489,50.5,1640,37.2,6
S000 166,0.2,4.9,0,4210,3.2,4.6,0.27,381,1.2,4,2920,5,2.9,19,0.6,0.6,0,162,13.9,0.5,0.6,0.97,0.3,0.1,0.05,1.1,1.9,15.7,0.5,196.5,68.7,0.5,0.4,2,528,7.1,0,0.5,0,288,0,0.5,56,7,0.3,0,8740,0,0.1,0,10.65,60,1.2,0.1,2.97,16.5,0.1,2.7,1.6,180,24.7,6
S000 167,0.4,3,0,4330,7,3.7,0.25,47.5,0.8,7.9,843,4,5.7,54,1.8,4.2,0.1,124,10.8,1.1,0.5,1.12,0.7,0.7,0.05,1,3.8,10.6,1.6,59.8,17.2,0,0.4,3.9,267,46.8,0,1,0,581,0,0,59,6,0.9,0,1590,0,0.2,0,13.7,76,0.73,1.1,3.92,10.5,0.1,8.6,9.8,70,27.2,6
S000 168,0,2.8,0,1600,18.8,2.5,0.21,13.8,0.3,18.7,993,5,3.4,7,2.8,2.7,0.4,126,10.4,2.3,0,1.7,0.2,0.7,0.06,0.7,8.4,12.2,1.2,53.2,4.35,0,0.3,8.4,128,32.8,0,2.4,0.1,440,0,0,60,6,2,0.3,537,0,0.4,0,56.3,109,0.31,0.6,11.45,10.3,0.1,15,6.3,30,42.1,6
S000 169,2.3,13,0.08,2590,23.3,0.6,0.79,34.3,5,285,2910,38,2.5,806,217,113.5,41.1,181,12.6,170,1.3,4.34,1.2,42.8,0.25,0.7,75.3,7,9.8,93.8,9.76,2.8,1.2,285,1040,871,0,49.6,0,296,0,1.1,284,15,113,0.7,466,0.08,32.2,0,113.5,607,0.22,13.8,48.2,77,0.2,1055,74.9,830,122.5,6.7
S000 170,1.3,0,0.1,5770,5.2,0,0.87,695,3.4,682,685,8,0.6,2460,867,469,167,11.8,6.4,721,2.3,0.3,0.5,175.5,0.16,0.1,222,4.3,37.1,529,13.85,0,0,895,1370,1085,0,143,0,42.8,0.02,0,534,5,388,0,5970,0,119,0,6.68,0,0.09,57.7,10.05,4.4,0.1,4330,301,780,8.2,6.4
S000 171,3.7,32,0.76,2830,17.2,1.1,0.63,74.2,11.2,71.5,2990,12,1.1,840,95.1,47.1,16.1,84.9,9.2,67.7,0.6,1.06,1.4,18.7,0.14,0.7,19.3,16.8,3.7,125.5,26.1,1.8,0.2,75.7,1050,1575,0,12.7,0,192,0,0.8,117,11,36.6,0.2,1340,0,14.1,0,35.7,137,0.14,5.5,27,23.6,0.1,418,28.9,660,30.6,6.4
S000 172,1.1,6.9,0.41,4750,22.1,0.8,0.41,5.8,3.8,54.7,2220,4,3.5,550,353,308,20.8,62.7,6.7,123,0.6,2.12,0.9,93.9,0.22,0.6,12.3,3.7,37.2,98.3,17.7,0.5,0.2,107,567,1090,0,14.1,0,384,0.01,0.6,284,10,56.2,0.3,238,0,35.9,0,104.5,92,0.67,43.4,81.8,14.3,0.1,2050,259,270,65.2,6.4
S000 173,0.8,20,0.5,2880,18.3,0.6,0.47,152.5,10.1,40.6,5460,10,3.3,412,163.5,129,10.1,118,9.7,52,0.5,1.9,1.4,42.7,0.12,0.8,12.1,15.2,11.5,158.5,25.8,1.2,0.5,50.1,563,651,0,8.2,0,459,0.01,0.6,242,7,23.5,0.3,2820,0,16.4,0,54.2,261,0.29,16.7,31.9,28.8,0.1,813,92.9,960,51.1,6.4
S000 174,2,17,0.98,3240,30.4,0.8,0.69,103,9.4,313,1520,13,1.6,1550,494,303,58.1,68.7,8.5,296,1.3,3.38,1.1,108.5,0.16,0.9,79,4.4,25,152,32.3,2.7,0.2,372,918,858,0,60.1,0,330,0.01,1.2,242,15,162.5,0,2700,0,63.3,0,129,59,0.36,36.8,106,32,0.1,2590,194,1130,92.3,6.4
S000 175,0.7,3.8,0.04,3330,7.3,1,0.24,68.4,2.6,5.3,4230,10,0.9,932,8.3,13.7,0.3,103,11.4,1.7,0.4,0.87,0.5,3.2,0.06,1.4,2.1,5,2,92.1,34.5,0,0.2,3.6,649,174.5,0,0.6,0,133.5,0,0.7,111,11,0.9,0,1630,0,0.6,0,8.99,87,0.48,2.3,8.52,15.4,0.1,40.8,14.9,450,25,6
S000 176,0.3,7.8,0,4150,6.8,2.2,0.22,28.7,2.1,6.4,1515,4,10.1,300,9.4,18.1,0.2,100,10.4,1.6,0.2,1.74,0.6,4,0.06,1.4,2.5,3.6,2.6,65.2,18.6,0,0.2,3.1,327,209,0,0.8,0,693,0,0,86,8,1.1,0,959,0,0.5,0,18.05,51,0.85,3.1,7.56,8.9,0.1,45.7,18.9,80,41.7,6
S000 177,0.3,1.1,0.03,6090,36.5,2.2,0.32,15.4,11.8,80.4,699,3,5.9,479,479,445,16.5,62.1,7.9,112,0.5,1.28,0.4,134,0.11,0.8,22.8,3.1,44.8,216,21.2,1,0.2,117.5,289,1760,0,18.9,0,452,0.01,0,242,11,56.3,0,527,0,41.6,0,118.5,54,1.12,61.7,60.5,9.2,0,2540,351,870,34.7,6.4
S000 178,0.4,4.9,0.02,1660,41.2,2.8,0.4,78.2,4.8,258,389,8,1.9,196,289,171,25.2,98,10.4,158,0.8,1.34,0.5,63.2,0.09,0.8,81.6,6.1,12.9,103.5,29.8,0.9,0.3,243,262,2240,0,45.7,0,249,0,0,109,7,94.9,0,1730,0,36.4,0,224,82,0.33,20.8,65.2,11.1,0.1,1600,106.5,650,32.1,6
S000 179,1.7,13.2,0.09,3680,20.2,0.9,0.5,149,6.2,213,742,20,1.9,404,107,57.9,21.7,104,8.1,94,0.7,2.86,1.7,21.6,0.16,0.5,61.3,3,5.4,76.8,25.5,2.8,0.5,175,521,1255,0,33.3,0,233,0,0.5,196,7,64,0.3,1220,0,16.5,0,123,230,0.3,7.3,38.9,33.3,0.2,501,41.5,690,91.8,6.7
S000 180,3.6,0,0.15,3740,2.2,0,0.95,964,2.1,466,491,11,0.3,4800,1025,605,174,3.6,4.5,809,1.9,0.28,0.6,228,0.47,0.1,187.5,2.7,54.2,642,11.65,0,0,789,1970,14.8,0,116.5,0,18.9,0.03,0,328,0,384,0,6560,0,134.5,0,1.68,0,0.12,75.3,7.29,3.4,0.1,5610,412,200,6.5,6
S000 181,5.3,23,0.14,3650,14.8,0.9,0.53,97.1,11.7,77.8,3260,17,3.6,528,166.5,94,18.1,108.5,11.5,84.2,0.8,1.6,1.6,35.1,0.1,0.7,20.1,16.1,7.8,132.5,22.7,1.4,0.6,88.8,2070,1555,0,14.5,0,408,0,0.6,184,6,42.8,0.4,1850,0,20.7,0,47.5,354,0.3,11.5,22.1,45.8,0.2,773,61,330,45.7,6
S000 182,1.5,0,0.83,6470,7,0,0.98,479,3.1,696,1025,9,0.2,2810,1165,649,191.5,18.5,7.1,900,2.6,0.38,0.6,248,0.29,0.1,279,3.5,52.6,589,25.6,0,0,1085,1190,76.8,0,179,0,30.6,0.04,0,364,0,472,0,4610,0,152,0,11,10,0.11,80.8,26.2,14.9,0.2,5410,430,420,9.1,6
S000 183,0.6,0,0.49,4810,21.4,0,0.57,164.5,4.3,731,1685,10,0.4,1280,414,209,81.7,64.1,9.3,339,1.5,1.28,1.1,81.8,0.19,0.5,174.5,1.8,14.7,296,19.4,0.7,0.1,613,548,234,0,110.5,0,118,0.01,0,854,12,225,0,2490,0,62.4,0,82.6,55,0.16,25,39.3,31.4,0.1,1990,125.5,460,30.5,6
S000 184,2,5.8,0.62,4240,14.7,0.4,0.41,21.7,26.3,59.9,1440,3,5.6,3460,457,415,23.2,38.9,4.6,132,0.6,1.06,1.1,127,0.19,0.2,16.3,6.2,44.7,229,23.8,0.9,0.2,112.5,2260,292,0,16.2,0,776,0.02,0,202,10,58,0,646,0,42.7,0,48.3,52,1.82,56.5,59.5,8.2,0.1,2460,322,1640,30.7,6
S000 185,0.8,4.2,0.08,2970,13.2,1.3,0.18,42,6.2,9.9,11600,4,9.7,1170,47.5,58.3,1.3,80.5,10.2,7.7,0.3,1.8,1.6,15.5,0.07,1.6,2.7,11.1,6.1,99,50.9,0,0.1,7.4,1000,185,0,1.3,0,670,0,0.6,190,7,3.3,0,1110,0,3.4,0,31.2,35,1.35,8.1,30.3,6.8,0,232,47.4,530,47.2,6
S000 186,0.4,4.3,0,1940,14.5,1.8,0.42,15.5,2.7,10.7,1350,8,6.1,89,17,19,0.6,94.2,10.3,3.6,0.4,2.58,0.9,5.2,0.12,1.3,4.7,6.3,2.4,52.9,7.03,0.9,0.5,6.6,371,887,0,1.4,0,591,0,0,100,9,2.4,0.5,419,0.06,1.3,0,73.8,190,0.3,3,19.25,12.1,0.1,89.2,19.1,150,55.8,6
S000 187,1.5,15,0.03,1050,17.9,1.7,0.59,13.8,2.5,58.2,428,25,6.5,74,37.6,26.4,3.8,108,16.4,19.6,0.7,3.27,0.7,8.7,0.21,0.8,22.6,8.4,2.9,41.1,5.04,1.8,1.2,43.9,158,1205,0,8.7,0,510,0,0.7,105,10,14.6,1,334,0.1,4.6,0,134,496,0.52,3.7,39.5,42.2,0.3,192,21.4,220,85.8,6
S000 188,3,3.9,0.07,1750,45.3,1.6,0.77,18.7,2.6,1560,687,18,5.7,226,340,158.5,69.6,78.8,19.2,322,2.5,3.35,0.9,63.8,0.21,1,549,5.3,11,71.5,10,2.1,0.5,1070,226,2110,0,239,0,349,0.01,0.6,224,11,288,0.5,328,0,54.4,0,349,200,0.46,18.9,86.9,27.3,0.1,1690,96.3,340,87.6,6.4
S000 189,1.4,0,0.1,8980,17.6,0,0.79,445,5.5,420,981,4,0.5,3100,1435,969,148.5,47.4,6.7,706,1.8,0.49,0.6,335,0.24,0.4,105,6.8,79.5,446,12.7,0,0,719,1490,211,0,103.5,0,104.5,0.04,0,894,0,345,0,4790,0,156,0,22.1,0,0.16,116.5,35,3.8,0,7050,642,800,11.4,6
S000 190,5.4,0,0.22,4390,0,0,0.52,673,1.8,104.5,774,1,0.7,2800,231,123.5,58.7,0.4,1.8,259,0.9,0.17,0.4,47.9,0.73,0,70.9,0.9,9.3,629,9.8,0,0,290,1480,13.6,0,40.5,0,23.6,0.02,0,80,5,131,0,4760,0,36.5,0,0.21,0,0.13,13.8,2.35,1.7,0.1,1345,70.3,150,2.3,6.4
S000 191,0.8,0.7,0.06,8500,15,0,0.89,904,4.1,399,731,9,0.2,5390,1325,901,122.5,36.4,6.2,597,1.4,0.37,0.3,319,0.36,0.3,97,6.5,79.2,590,16.95,0,0,567,2100,26.7,0,83,0,34.3,0.04,0,925,0,288,0,6970,0,141.5,0,6.53,14,0.15,114.5,14,3.4,0.1,6880,633,620,6.4,6
S000 192,1.6,0,0.34,10700,15.1,0,0.61,345,4.9,215,1685,7,0.1,3700,974,699,90.8,55.6,4.7,423,1.1,0.53,0.7,247,0.16,0.3,62.9,6.2,61.5,528,23.4,0,0,388,1320,118.5,0,56.2,0,66.3,0.03,0,574,0,208,0,4400,0,101.5,0,20.6,8,0.09,92,31.4,12.5,0.1,4820,507,680,13.7,6
